BinEdges,Frequency
1.881250000000000000e+01,3.500000000000000000e+01
2.843750000000000000e+01,5.300000000000000000e+01
3.806250000000000000e+01,2.100000000000000000e+01
4.768750000000000000e+01,2.400000000000000000e+01
5.731250000000000000e+01,2.300000000000000000e+01
6.693750000000000000e+01,2.200000000000000000e+01
7.656250000000000000e+01,1.200000000000000000e+01
8.618750000000000000e+01,3.000000000000000000e+00
