bin,n,pulse_snr_mean,pulse_snr_sd,resp_snr_mean,resp_snr_sd
[0; 20],166,4.646780553745641,8.08747079037562,4.689424078741651,7.455526601632138
[20; 40],324,10.070933223891666,5.32495334404721,7.429301660946052,6.822217479166207
[40; 60],306,12.56039377543993,6.592261528502779,9.116333344592489,6.349323709736469
[60; 80],254,14.01008766321751,5.543645325648656,8.58335148632843,6.606025807680322
[80; 100],58,13.312838852206088,5.857836686139702,9.373226585771082,6.035062363992166
