method,hr_mae,pulse_snr,pulse_cor,rr_mae,resp_snr,resp_cor
G,24.504919118798853,-12.480727370327347,0.1313409937161293,0.0,0.0,0.0
CHROM,18.900660412875126,-8.026297876060095,0.22567418238307554,0.0,0.0,0.0
POS,10.630417127774592,-6.203229008185227,0.1506948026221236,0.0,0.0,0.0
DeepPhys,26.787079682863304,-8.537079603947523,0.2890606731205406,2.572077474625463,3.5590268642424774,0.7507425392562387
MTTS-CAN,5.794236259700629,-2.906035543450423,0.5140226500265757,4.096137699265992,-2.7224252141408534,0.33718975800349194
VitalLens,1.7080614467346558,9.052028006606443,0.7879216534797234,2.426073502296371,4.4023894161816575,0.8135646744867556
