method,hr_mae,pulse_snr,pulse_cor,rr_mae,resp_snr,resp_cor,inf_speed
G,10.087834803497907,-3.5232535025890064,0.08314889718528289,0.0,0.0,0.0,3.4
CHROM,5.184493803606818,0.48478767952133506,0.32671850649955436,0.0,0.0,0.0,4.2
POS,2.2443485127432874,5.973038016653952,0.1007668282232118,0.0,0.0,0.0,3.6
DeepPhys,9.624271143824076,-2.0668813013961147,0.5223716541855935,2.0636525535012673,4.215953058238846,0.7252385136537911,9.8
MTTS-CAN,1.310090833365592,6.29519415454263,0.7127485536377168,5.3616697116947725,-4.25451418906016,0.43093354471018813,22.1
VitalLens,0.7077107974109269,11.018533710859652,0.7456786230652699,0.7624069768817882,7.851042020004585,0.8924095442410327,18.0
