method,hr_mae,pulse_snr,pulse_cor,rr_mae,resp_snr,resp_cor
G,27.70621927234887,-15.007110314059164,0.223712126011746,0.0,0.0,0.0
CHROM,24.06345975579728,-11.66658396952486,0.16333614514679298,0.0,0.0,0.0
POS,17.794871428491465,-11.943671900663842,0.27572711757170243,0.0,0.0,0.0
DeepPhys,29.52925589667416,-12.40852812467118,0.11496435026694374,4.950878731714404,-4.090759283881323,0.39775480749477865
MTTS-CAN,13.904032520228883,-6.726609133808825,0.33284411119368246,5.952886274980931,-6.478681530899787,0.23265762258675227
VitalLens,4.622805987010308,2.8313874453381995,0.6711940631318561,3.764053007131582,-1.2328959859592052,0.46940915572272246
